<?xml version="1.0" encoding="UTF-8" standalone="yes"?>
<addon id="plugin.video.venom" version="3.3.7" name="[COLOR red]Venom[/COLOR]" provider-name="Venom">

	<requires>
		<import addon="xbmc.python" version="2.19.0" />
		<import addon="script.module.requests" version="2.19.1" />
		<import addon="script.module.beautifulsoup4" version="4.5.3"/>
		<import addon="script.module.metahandler" version="2.9.0" />
		<import addon="plugin.video.youtube" version="6.2.0"/>
		<import addon="script.module.resolveurl" version="5.0.27"/>
		<import addon="script.module.openscrapers" />
		<import addon="script.module.addon.signals" version="0.0.3"/>
	</requires>

	<extension point="xbmc.python.pluginsource" library="venom.py">
		<provides>video</provides>
	</extension>

	<extension point="xbmc.service" library="service.py" start="startup" />
	<extension point="xbmc.python.module" library="resources/lib/"/>

	<extension point="xbmc.addon.metadata">
		<summary lang="en">[B][COLOR red]Venom[/COLOR][/B] - We do not host any of the contents streamed</summary>
		<description lang="en">[B]Venom[/B][CR] This addon does not form part of the Kodi Media Centre. Please do not seek assistance with this addon from any of the Official Kodi Support Channels.[CR]The author does not host any of the content in this addon and takes no responsibility for content found.</description>
		<platform>all</platform>
		<license>GNU GENERAL PUBLIC LICENSE. Version 3, 29 June 2007</license>
		<forum></forum>
		<website></website>
		<source></source>
		<disclaimer lang="en">The author of this addon do not host any of the content which is found and have no affiliation with any of the content providers. This addon simply searches websites for content. Use at your own risk!</disclaimer>
		<assets>
			<icon>icon.png</icon>
			<fanart>fanart.jpg</fanart>
			<screenshot>resources/screenshots/screenshot01a.jpg</screenshot>
			<screenshot>resources/screenshots/screenshot02a.jpg</screenshot>
			<screenshot>resources/screenshots/screenshot03a.jpg</screenshot>
		</assets>
		<news>
[B][COLOR red]Update - v3.3.7 - Dec. 19, 2019[/COLOR][/B]
[COLOR yellow]--[/COLOR][I] Added extra folder path check when comparing Venom
    library folders to Kodi's MyVideos*.db file.  Now 
    "special://userdata" and translated paths are both
    checked.  This solves issues with moved or manually
    added folders.[/I]
[COLOR yellow]--[/COLOR][I] Added new sort function as a temporary workaround to
    solve the out of order Season Specials and Episode
    index problems from TVDb v1 api.  TVDb is aware
    of the condition.  Sadly this still does not fix the issues
    with Trakt-Progress being incorrect at times for next
    episode to watch, that problem occurs because the
    index is very often out of order so the wrong NextUp
    episode is grabbed.fried.[/I]
[COLOR yellow]--[/COLOR][I] If you do not use Venom's Library integration please
    disable the "Auto Update Service" under Settings-Library.
    The new library folder check and auto setup prompt now
    runs inside the existing service so it will cause the pop
    up notification for setup.[/I]
		</news>
	</extension>
</addon>
