<?xml version="1.0" encoding="UTF-8"?>
<addons>
<addon id="context.trailer.mod" name="Play Trailer Mod" version="1.0.7" provider-name="Kraken">
	<requires>
		<import addon="script.module.requests" version="2.19.1" />
		<import addon="plugin.video.youtube" version="6.2.0" />
	</requires>
	<extension point="kodi.context.item">
		<menu id="kodi.core.main">
			<item library="autoplay.py">
				<label>32000</label>
				<visible>
					String.IsEqual(Window(home).Property(context.trailer.autoplay),true) +
					[String.IsEqual(ListItem.dbtype,movie) | String.IsEqual(ListItem.dbtype,tvshow) | String.IsEqual(ListItem.dbtype,episode)] +
					!String.IsEmpty(ListItem.Trailer)
				</visible>
			</item>
			<item library="selectplay.py">
				<label>32001</label>
				<visible>
					String.IsEqual(Window(home).Property(context.trailer.selectplay),true) +
					[String.IsEqual(ListItem.dbtype,movie) | String.IsEqual(ListItem.dbtype,tvshow) | String.IsEqual(ListItem.dbtype,episode)]
				</visible>
			</item>
		</menu>
	</extension>
	<extension point="xbmc.service" library="service.py" />
	<extension point="kodi.addon.metadata">
		<summary lang="en">Play a movie or show trailer from the context menu in the library.</summary>
		<description lang="en">Adds a context menu entry for movies or shows that have a trailer in the database. Choose windowed or fullscreen play in the settings.</description>
		<platform>all</platform>
		<license>GNU GENERAL PUBLIC LICENSE. Version 3, 29 June 2007</license>
		<forum></forum>
		<website>https://github.com/DrPicklerick/context.trailer.mod</website>
		<source>https://github.com/DrPicklerick/context.trailer.mod</source>
		<disclaimer lang="en"></disclaimer>
		<assets>
			<icon>icon.png</icon>
			<fanart>fanart.jpg</fanart>
			<screenshot></screenshot>
		</assets>
		<news>
v0.1.0.7
- Matrix compatibility(py3) update.
		</news>
	</extension>
</addon>

<addon id="context.kraken" name="Kraken - Global Context Menu Items" provider-name="DrPicklerick" version="1.0.0">
	<requires>
		<import addon="script.module.requests" version="2.19.1" />
	</requires>
	<extension point="kodi.context.item">
		<menu id="kodi.core.main">
			<item library="contextSettings.py">
				<label>[B][COLOR red]Kraken[/COLOR][/B] - CM Settings</label>
				<visible>
					!String.IsEmpty(Window(home).Property(context.kraken.settings)) +
					String.StartsWith(ListItem.path,plugin://plugin.video.kraken/) +
					String.IsEqual(ListItem.Property(isKraken_widget),true)
				</visible>
			</item>
			<item library="traktManager.py">
				<label>[B][COLOR red]Kraken[/COLOR][/B] - Trakt Manager</label>
				<visible>
					!String.IsEmpty(Window(home).Property(context.kraken.traktManager)) +
					String.StartsWith(ListItem.path,plugin://plugin.video.kraken/) +
					String.IsEqual(ListItem.Property(isKraken_widget),true) +
					[String.IsEqual(ListItem.dbtype,episode) | String.IsEqual(ListItem.dbtype,tvshow) | String.IsEqual(ListItem.dbtype,season) | String.IsEqual(ListItem.dbtype,movie)]
				</visible>
			</item>
			<item library="clearProviders.py">
				<label>[B][COLOR red]Kraken[/COLOR][/B] - Clear Providers</label>
				<visible>
					!String.IsEmpty(Window(home).Property(context.kraken.clearProviders)) +
					String.StartsWith(ListItem.FolderPath,plugin://plugin.video.kraken/?action=play) +
					String.IsEqual(ListItem.Property(isKraken_widget),true) +
					[String.IsEqual(ListItem.dbtype,episode) | String.IsEqual(ListItem.dbtype,movie)]
				</visible>
			</item>
			<item library="clearBookmark.py">
				<label>[B][COLOR red]Kraken[/COLOR][/B] - Clear Item Bookmark</label>
				<visible>
					!String.IsEmpty(Window(home).Property(context.kraken.clearBookmark)) +
					String.StartsWith(ListItem.FolderPath,plugin://plugin.video.kraken/?action=play) +
					String.IsEqual(ListItem.Property(isKraken_widget),true) +
					ListItem.IsResumable +
					[String.IsEqual(ListItem.dbtype,episode) | String.IsEqual(ListItem.dbtype,movie)]
				</visible>
			</item>
			<item library="rescrape.py">
				<label>[B][COLOR red]Kraken[/COLOR][/B] - Rescrape Item</label>
				<visible>
					!String.IsEmpty(Window(home).Property(context.kraken.rescrape)) +
					String.StartsWith(ListItem.FolderPath,plugin://plugin.video.kraken/?action=play) +
					String.IsEqual(ListItem.Property(isKraken_widget),true) +
					[String.IsEqual(ListItem.dbtype,episode) | String.IsEqual(ListItem.dbtype,movie)]
<!-- Future for Library CM to Rescrape -->
<!-- 					!String.IsEmpty(Window(home).Property(context.kraken.rescrape)) + -->
<!-- 					[String.Contains(ListItem.Path,plugin.video.kraken) + String.IsEqual(ListItem.FileExtension,strm) | String.StartsWith(ListItem.FolderPath,plugin://plugin.video.kraken/?action=play)] + -->
<!-- 					[String.IsEqual(ListItem.dbtype,episode) | String.IsEqual(ListItem.dbtype,movie)] -->
				</visible>
			</item>
			<item library="playFromHere.py">
				<label>[B][COLOR red]Kraken[/COLOR][/B] - Play from here</label>
				<visible>
					!String.IsEmpty(Window(home).Property(context.kraken.playFromHere)) +
					String.StartsWith(ListItem.path,plugin://plugin.video.kraken/) +
					String.IsEqual(ListItem.Property(isKraken_widget),true) +
					String.IsEqual(ListItem.dbtype,episode)
				</visible>
			</item>
			<item library="autoPlay.py">
				<label>[B][COLOR red]Kraken[/COLOR][/B] - Auto Play</label>
				<visible>
					String.IsEmpty(Window(home).Property(plugin.video.kraken.autoPlay)) +
					!String.IsEmpty(Window(home).Property(context.kraken.autoPlay)) +
					String.StartsWith(ListItem.FolderPath,plugin://plugin.video.kraken/?action=play) +
					String.IsEqual(ListItem.Property(isKraken_widget),true) +
					[String.IsEqual(ListItem.dbtype,episode) | String.IsEqual(ListItem.dbtype,movie)]
				</visible>
			</item>
			<item library="sourceSelect.py">
				<label>[B][COLOR red]Kraken[/COLOR][/B] - Source Select</label>
				<visible>
					!String.IsEmpty(Window(home).Property(plugin.video.kraken.autoPlay)) +
					!String.IsEmpty(Window(home).Property(context.kraken.sourceSelect)) +
					String.StartsWith(ListItem.FolderPath,plugin://plugin.video.kraken/?action=play) +
					String.IsEqual(ListItem.Property(isKraken_widget),true) +
					[String.IsEqual(ListItem.dbtype,episode) | String.IsEqual(ListItem.dbtype,movie)]
				</visible>
			</item>
			<item library="findSimilar.py">
				<label>[B][COLOR red]Kraken[/COLOR][/B] - Find Similar</label>
				<visible>
					!String.IsEmpty(Window(home).Property(context.kraken.findSimilar)) +
					String.StartsWith(ListItem.path,plugin://plugin.video.kraken/) +
					String.IsEqual(ListItem.Property(isKraken_widget),true) +
					[String.IsEqual(ListItem.dbtype,tvshow) | String.IsEqual(ListItem.dbtype,movie)]
				</visible>
			</item>
			<item library="browseSeries.py">
				<label>[B][COLOR red]Kraken[/COLOR][/B] - Browse Series</label>
				<visible>
					!String.IsEmpty(Window(home).Property(context.kraken.browseSeries)) +
					String.StartsWith(ListItem.path,plugin://plugin.video.kraken/) +
					String.IsEqual(ListItem.Property(isKraken_widget),true) +
					[String.IsEqual(ListItem.dbtype,episode) | String.IsEqual(ListItem.dbtype,tvshow)]
				</visible>
			</item>
			<item library="browseEpisodes.py">
				<label>[B][COLOR red]Kraken[/COLOR][/B] - Browse Episodes</label>
				<visible>
					!String.IsEmpty(Window(home).Property(context.kraken.browseEpisodes)) +
					String.StartsWith(ListItem.path,plugin://plugin.video.kraken/) +
					String.IsEqual(ListItem.Property(isKraken_widget),true) +
					String.IsEqual(ListItem.dbtype,episode)
				</visible>
			</item>
		</menu>
	</extension>
	<extension point="xbmc.service" library="service.py" />
	<extension point="xbmc.addon.metadata">
		<summary lang="en">Kraken - This Addon is currently in beta. Please be aware there may be bugs present</summary>
		<description lang="en">Adds Global Contextual Menu Items for Kraken menu items throughout Kodi</description>
		<platform>all</platform>
		<license>GNU GENERAL PUBLIC LICENSE. Version 3, 29 June 2007</license>
		<forum></forum>
		<website>https://github.com/DrPicklerick/context.kraken</website>
		<source>https://github.com/DrPicklerick/context.kraken</source>
		<disclaimer lang="en"></disclaimer>
		<assets>
			<icon>icon.png</icon>
			<fanart>fanart.jpg</fanart>
			<screenshot></screenshot>
		</assets>
		<news>
[B][COLOR red]Update - v1.1.2 - March 10, 2021[/COLOR][/B]
[COLOR yellow]--[/COLOR][I] Change method of determining bookmarks to use "ListItem.IsResumable".[/I]
		</news>
	</extension>
</addon>

<addon id="plugin.video.kraken" name="[COLOR red]Kraken[/COLOR]" provider-name="DrPicklerick" version="4.4.3">
	<requires>
		<import addon="context.kraken" />
		<import addon="script.module.myaccounts" />
		<import addon="script.module.fenomscrapers" />
		<import addon="script.module.requests" />
		<import addon="script.module.beautifulsoup4" />
		<import addon="script.module.metahandler" optional="true" />
		<import addon="plugin.video.youtube" optional="true" />
		<import addon="script.module.addon.signals" optional="true" />
	</requires>
	<extension library="kraken.py" point="xbmc.python.pluginsource">
		<provides>video</provides>
	</extension>
	<extension library="service.py" point="xbmc.service" start="startup" />
	<extension library="resources/lib/" point="xbmc.python.module" />
	<extension point="xbmc.addon.metadata">
		<reuselanguageinvoker>true</reuselanguageinvoker>
		<summary lang="en">[B][COLOR red]Kraken[/COLOR][/B] - We do not host any of the contents streamed</summary>
		<description lang="en">[B][COLOR red]Kraken[/COLOR][/B][CR] This addon does not form part of the Kodi Media Centre. Please do not seek assistance with this addon from any of the Official Kodi Support Channels.[CR]The author does not host any of the content in this addon and takes no responsibility for content found</description>
		<platform>all</platform>
		<license>GNU GENERAL PUBLIC LICENSE. Version 3, 29 June 2007</license>
		<forum />
		<website>https://github.com/DrPicklerick/plugin.video.kraken</website>
		<source>https://github.com/DrPicklerick/plugin.video.kraken</source>
		<disclaimer lang="en">The author of this addon do not host any of the content which is found and have no affiliation with any of the content providers. This addon simply searches websites for content. Use at your own risk!</disclaimer>
		<assets>
			<icon>icon.png</icon>
			<fanart>fanart.jpg</fanart>
			<screenshot>resources/screenshots/screenshot001.jpg</screenshot>
			<screenshot>resources/screenshots/screenshot002.jpg</screenshot>
			<screenshot>resources/screenshots/screenshot003.jpg</screenshot>
		</assets>
		<news>
[B][COLOR red]Update - v4.4.3 - March 10, 2021[/COLOR][/B]
[COLOR yellow]--[/COLOR][I] Fixed Downloader module, missed py3 cases for Kodi Matrix.[/I]
[COLOR yellow]--[/COLOR][I] Fixed Library Integration, missed py3 cases for Kodi Matrix.[/I]
		</news>
	</extension>
</addon>

<addon id="repository.a4kstreaming"
       name="a4kStreaming Repository"
       version="1.0.0"
       provider-name="Unknown">
    <extension point="xbmc.addon.repository">
        <info>https://raw.githubusercontent.com/newt-sc/a4kStreaming/master/packages/addons.xml</info>
        <checksum>https://raw.githubusercontent.com/newt-sc/a4kStreaming/master/packages/addons.xml.crc</checksum>
        <datadir>https://github.com/newt-sc/a4kStreaming/archive</datadir>
        <artdir>https://github.com/newt-sc/a4kStreaming/releases/download/v0.1.0</artdir>
    </extension>
    <extension point="xbmc.addon.metadata">
        <summary>a4kStreaming</summary>
        <description>a4kStreaming Repository</description>
        <platform>all</platform>
    </extension>
</addon>

<addon id="repository.kraken" name="[COLOR red]Kraken[/COLOR] Repository" version="1.16" provider-name="Kraken">
	<extension point="xbmc.addon.repository" name="Kraken Repo">
		<dir>
			<info compressed="false">https://raw.githubusercontent.com/DrPicklerick/zips/master/addons.xml</info>
			<checksum>https://raw.githubusercontent.com/DrPicklerick/zips/master/addons.xml.md5</checksum>
			<datadir zip="true">https://raw.githubusercontent.com/DrPicklerick/zips/master/</datadir>
		</dir>

		<dir minversion="18.0" maxversion="18.9.0">
			<info compressed="false">https://raw.githubusercontent.com/DrPicklerick/repository.metahandler/main/leia/zips/addons.xml</info>
			<checksum>https://raw.githubusercontent.com/DrPicklerick/repository.metahandler/main/leia/zips/addons.xml.md5</checksum>
			<datadir zip="true">https://raw.githubusercontent.com/DrPicklerick/repository.metahandler/main/leia/zips/</datadir>
		</dir>
		<dir minversion="18.9.0">
			<info compressed="false">https://raw.githubusercontent.com/DrPicklerick/repository.metahandler/main/matrix/zips/addons.xml</info>
			<checksum>https://raw.githubusercontent.com/DrPicklerick/repository.metahandler/main/matrix/zips/addons.xml.md5</checksum>
			<datadir zip="true">https://raw.githubusercontent.com/DrPicklerick/repository.metahandler/main/matrix/zips/</datadir>
		</dir>

		<dir>
			<info compressed="false">https://raw.githubusercontent.com/mr-kodi/repository.myaccounts/master/zips/addons.xml</info>
			<checksum>https://raw.githubusercontent.com/mr-kodi/repository.myaccounts/master/zips/addons.xml.md5</checksum>
			<datadir zip="true">https://raw.githubusercontent.com/mr-kodi/repository.myaccounts/master/zips/</datadir>
		</dir>

		<dir>
			<info compressed="false">https://raw.githubusercontent.com/mr-kodi/repository.fenomscrapers/master/zips/addons.xml</info>
			<checksum>https://raw.githubusercontent.com/mr-kodi/repository.fenomscrapers/master/zips/addons.xml.md5</checksum>
			<datadir zip="true">https://raw.githubusercontent.com/mr-kodi/repository.fenomscrapers/master/zips/</datadir>
		</dir>

		<dir>
			<info compressed="false">https://raw.githubusercontent.com/drinfernoo/repository.openwizard/master/zips/addons.xml</info>
			<checksum>https://raw.githubusercontent.com/drinfernoo/repository.openwizard/master/zips/addons.xml.md5</checksum>
			<datadir zip="true">https://raw.githubusercontent.com/drinfernoo/repository.openwizard/master/zips/</datadir>
		</dir>

		<dir>
			<info compressed="false">https://raw.githubusercontent.com/skyfsza/repository.auramod/master/addons.xml</info>
			<checksum>https://raw.githubusercontent.com/skyfsza/repository.auramod/master/addons.xml.md5</checksum>
			<datadir zip="true">https://raw.githubusercontent.com/skyfsza/repository.auramod/master/</datadir>
		</dir>

		<dir minversion="18.0" maxversion="18.9.0">
			<info compressed="false">https://raw.githubusercontent.com/nixgates/nixgates/master/packages/leia/addons.xml</info>
			<checksum>https://raw.githubusercontent.com/nixgates/nixgates/master/packages/leia/addons.xml.md5</checksum>
			<datadir zip="true">https://raw.githubusercontent.com/nixgates/nixgates/master/packages/leia/</datadir>
		</dir>
		<dir minversion="18.9.0">
			<info compressed="false">https://raw.githubusercontent.com/nixgates/nixgates/master/packages/matrix/addons.xml</info>
			<checksum>https://raw.githubusercontent.com/nixgates/nixgates/master/packages/matrix/addons.xml.md5</checksum>
			<datadir zip="true">https://raw.githubusercontent.com/nixgates/nixgates/master/packages/matrix/</datadir>
		</dir>

		<dir>
			<info compressed="false">https://raw.githubusercontent.com/Tikipeter/repository.tikipeter/master/addons.xml</info>
			<checksum>https://raw.githubusercontent.com/Tikipeter/repository.tikipeter/master/addons.xml.md5</checksum>
			<datadir zip="true">https://raw.githubusercontent.com/Tikipeter/repository.tikipeter/master/zip</datadir>
		</dir>

		<dir>
			<info compressed="false">https://raw.githubusercontent.com/marcelveldt/repository.marcelveldt/master/addons.xml</info>
			<checksum>https://raw.githubusercontent.com/marcelveldt/repository.marcelveldt/master/addons.xml.md5</checksum>
			<datadir zip="true">https://raw.githubusercontent.com/marcelveldt/repository.marcelveldt/master/</datadir>
		</dir>

		<dir>
			<info compressed="false">https://raw.githubusercontent.com/newt-sc/a4kSubtitles/master/packages/addons.xml</info>
			<checksum>https://raw.githubusercontent.com/newt-sc/a4kSubtitles/master/packages/addons.xml.crc</checksum>
			<datadir>https://github.com/newt-sc/a4kSubtitles/archive</datadir>
			<artdir>https://github.com/a4k-openproject/a4kSubtitles/releases/download/v0.0.13</artdir>
		</dir>

		<dir>
			<info compressed="false">https://raw.githubusercontent.com/drinfernoo/plugin.program.autowidget/repo/zips/addons.xml</info>
			<checksum>https://raw.githubusercontent.com/drinfernoo/plugin.program.autowidget/repo/zips/addons.xml.md5</checksum>
			<datadir zip="true">https://raw.githubusercontent.com/drinfernoo/plugin.program.autowidget/repo/zips/</datadir>
		</dir>

		<dir minversion="17.9.0">
			<info compressed="true">https://github.com/mikesilvo164/repo.aeon.nox.silvo/raw/master/leia/addons.xml</info>
			<checksum>https://github.com/mikesilvo164/repo.aeon.nox.silvo/raw/master/leia/addons.xml.md5</checksum>
			<datadir zip="true">https://github.com/mikesilvo164/repo.aeon.nox.silvo/raw/master/leia</datadir>
		</dir>
	</extension>

	<extension point="xbmc.addon.metadata">
		<summary lang="en">[B][COLOR red]Kraken[/COLOR][/B] - We do not host any of the contents streamed</summary>
		<description lang="en">[B][COLOR red]Kraken[/COLOR][/B] - This addon does not form part of the Kodi Media Centre. Please do not seek assistance with this addon from any of the Official Kodi Support Channels.The author does not host any of the content in this addon and takes no responsibility for content found.</description>
		<disclaimer lang="en">The author is not responsible for the use of this addon. The author is not responsible for the content found using this addon. The author does not host or own any content found within this addon. The author is in no way affiliated with Kodi, Team Kodi, or the XBMC Foundation. This is a Non-profit resource, organized solely for educational purposes which is protected under the Fair-Use doctrine of the Copyright Act, Specifically section 107, which does promote freedom of expression, by permitting the unlicensed use of copyright-protected works.</disclaimer>
		<platform>all</platform>
		<license>GNU GENERAL PUBLIC LICENSE. Version 3, 29 June 2007</license>
		<assets>
			<icon>icon.png</icon>
			<fanart>fanart.jpg</fanart>
			<screenshot></screenshot>
		</assets>
		<news>
[B][COLOR red]Update - v1.16 - March 07, 2021[/COLOR][/B]
[COLOR yellow]--[/COLOR][I] Fixed gaff with "script.module.metahandler" still being in
    Kraken's repo.  This caused dependency issue under Leia.
    Now the new metahandler repo will be used and proper
    dependent version installed.[/I]
		</news>
	</extension>
</addon>

<addon id="script.module.addon.signals"
	name="Addon Signals"
	version="0.0.3"
	provider-name="Rick Phillips (ruuk)">
	<extension point="xbmc.python.module" library="lib" />
	<extension point="xbmc.addon.metadata">
		<summary lang="en">Inter-addon signalling</summary>
		<description lang="en">Provides signal/slot mechanism for inter-addon communication</description>
		<platform>all</platform>
		<license>GNU GENERAL PUBLIC LICENSE Version 2.1, February 1999</license>
		<source>https://github.com/ruuk/script.module.addon.signals</source>
	</extension>
</addon>

<addon id="service.upnext" name="Up Next" provider-name="im85288" version="1.0.1">
    <requires>
        <import addon="script.module.requests" version="2.9.1"/>
        <import addon="xbmc.python" version="2.26.0"/>
    </requires>
    <extension library="service.py" point="xbmc.service"/>
    <extension point="xbmc.addon.metadata">
        <summary lang="en_GB">Provides a netflix style pop up notification for watching the next episode with fancy/simple
            modes.
        </summary>
        <description lang="en_GB">Provides a netflix style pop up notification for watching the next episode with
            fancy/simple modes. A prompt to check if your still watching also occurs after a few automatically watched
            shows in a row.
        </description>
        <platform>all</platform>
        <assets>
            <icon>icon.png</icon>
            <fanart>fanart.jpg</fanart>
            <screenshot>resources/screenshot-01.jpg</screenshot>
            <screenshot>resources/screenshot-02.jpg</screenshot>
            <screenshot>resources/screenshot-03.jpg</screenshot>
            <screenshot>resources/screenshot-04.jpg</screenshot>
        </assets>
    </extension>
</addon>
</addons>
