<?xml version="1.0" encoding="UTF-8" standalone="yes"?>
<addon id="plugin.video.venom" version="3.1.0" name="[COLOR red]Venom[/COLOR]" provider-name="Venom">

	<requires>
		<import addon="xbmc.python" version="2.19.0" />
		<import addon="script.module.requests" version="2.19.1" />
		<import addon="script.module.beautifulsoup4" version="4.5.3"/>
		<import addon="script.module.metahandler" version="1.0.0" />
		<import addon="plugin.video.youtube" version="6.2.0"/>
		<import addon="script.module.resolveurl" />
		<import addon="script.module.openscrapers" />
		<import addon="script.module.addon.signals" version="0.0.1"/>
	</requires>

	<extension point="xbmc.python.pluginsource" library="venom.py">
		<provides>video</provides>
	</extension>

	<extension point="xbmc.service" library="service.py" start="startup" />
	<extension point="xbmc.python.module" library="resources/lib/"/>

	<extension point="xbmc.addon.metadata">
		<summary lang="en">[B][COLOR red]Venom[/COLOR][/B] We do not host any of the contents streamed</summary>
		<description lang="en">[B]Venom[/B][CR] This addon does not form part of the Kodi Media Centre. Please do not seek assistance with this addon from any of the Official Kodi Support Channels.[CR]The author does not host any of the content in this addon and takes no responsibility for content found.</description>
		<platform>all</platform>
		<license>GNU GENERAL PUBLIC LICENSE. Version 3, 29 June 2007</license>
		<forum></forum>
		<website></website>
		<source></source>
		<disclaimer lang="en">The author of this addon do not host any of the content which is found and have no affiliation with any of the content providers. This addon simply searches websites for content. Use at your own risk!</disclaimer>
		<assets>
			<icon>icon.png</icon>
			<fanart>fanart.jpg</fanart>
			<screenshot>resources/screenshots/screenshot01a.jpg</screenshot>
			<screenshot>resources/screenshots/screenshot02a.jpg</screenshot>
			<screenshot>resources/screenshots/screenshot03a.jpg</screenshot>
		</assets>
		<news>
[B][COLOR red]Update - v3.1.0 - July 28, 2019[/COLOR][/B]
[COLOR yellow]--[/COLOR][I] Added Container.Refresh to cache search
    clearing option so items are removed instantly.[/I]
[COLOR yellow]--[/COLOR][I] Added hard coding of "Dialog" source list for
    cases when ExtendedInfo or OpenInfo is visible.
    Directory list style ends up in background and is
    not preferable list type in this case.[/I]
[COLOR yellow]--[/COLOR][I] Added "Anime" menu option to root listing.
    This is Experimental! at this time and is turned
    off by default. See Navigation settings[/I]
[COLOR yellow]--[/COLOR][I] Added "Originals" menu to "TVShows" menu
    for Netflix, Hulu, and Amazon. Turned off by
    default. See Navigation settings[/I]
[COLOR yellow]--[/COLOR][I] Added UpNext setting access to Tools menu.[/I]
[COLOR yellow]--[/COLOR][I] Added ResolveUrl function cache clear
    option to Tools menu.[/I]
[COLOR yellow]--[/COLOR][I] Moved "Enable Christmas Collection" to
    Navigation category in settings.[/I]
[COLOR yellow]--[/COLOR][I] Added a few new boxsets to Collections.[/I]
		</news>
	</extension>

</addon>
